Research Assistant II,732
Business Analyst,680
Human Resources Analyst II,589
Research Assistant I,512
Account Executive,482
Data Visualization Specialist,437
Staff Accountant I,429
Human Resources Analyst,393
Software Engineer I,378
Analyst Programmer,363
Systems Administrator I,362
Senior Developer,349
Data Coordiator,343
Software Consultant,326
Project Manager,326
Business Systems Development Analyst,325
Service Tech III,324
Help Desk Technician,322
Service Tech II,316
Service Tech,316
Service Coordinator,314
Service Manager,311
Senior Cost Accountant,306
Desktop Support Technician,303
Cost Accountant,300
Structural Engineer,300
Tax Accountant,292
Recruiter,224
Operator,216
Account Manager,211
Relationshiop Manager,209
Solutions Engineer Manager,208
Solutions Engineer,208
Pre-Sales Consultant,207
Senior Recruiter,201
Research Associate,201
Customer Success Manager,199
HR Manager,196
Administrative Assistant I,188
Trainer I,177
Assistant Trainer,176
Trainer III,176
Trainer II,175
Junior Trainer,174
Senior Trainer,174
Training Manager,173
Budget/Accounting Analyst IV,169
Budget/Accounting Analyst II,160
Budget/Accounting Analyst III,157
Budget/Accounting Analyst I,155
Senior Quality Engineer,143
Senior Editor,138
Quality Control Specialist,126
Media Manager I,122
Staff Accountant IV,100
Support Staff,99
Web Developer I,96
Software Engineer III,95
Accounting Assistant IV,94
Programmer Analyst I,92
Staff Accountant III,91
Programmer Analyst II,90
Help Desk Operator,89
Chief Design Engineer,89
Software Test Engineer IV,88
Database Administrator II,88
Software Engineer IV,88
Computer Systems Analyst II,88
Computer Systems Analyst I,87
Editor,87
Accounting Assistant I,86
Accountant II,86
Systems Administrator IV,85
Software Test Engineer I,84
Programmer I,84
Accountant IV,84
Accountant III,84
Database Administrator IV,82
Software Engineer II,82
Database Administrator I,82
Software Test Engineer III,81
Database Administrator III,81
Accounting Assistant II,80
Developer I,80
Systems Administrator III,79
Developer III,79
Programmer III,78
Accountant I,78
Programmer II,77
Staff Accountant II,76
Programmer Analyst III,76
Programmer Analyst IV,75
VP Accounting,75
Web Developer II,74
Developer IV,74
Systems Administrator II,71
Accounting Assistant III,70
Computer Systems Analyst III,69
Computer Systems Analyst IV,69
Software Test Engineer II,69
Web Developer III,67
Developer II,66
Financial Analyst,65
Web Developer IV,65
Quality Engineer,62
Paralegal,62
Human Resources Manager,61
Programmer IV,60
Senior Financial Analyst,56
Product Engineer,56
Support Staff II,56
Administrative Officer,55
Content Developer,54
Design Engineer,53
Content Developer II,53
Content Developer III,51
Internal Auditor,50
Media Manager II,48
Analog Circuit Design manager,46
Structural Analysis Engineer,45
Assistant Manager,45
VP Marketing,42
VP Quality Control,42
Administrative Assistant II,41
Senior Attorney,40
VP Product Management,40
Attorney,39
Administrative Assistant,39
Executive Assistant,39
Research Assistant,38
Information Systems Manager,35
Staff Scientist,33
Web Designer I,33
Compensation Analyst,30
Community Outreach Specialist,30
Automation Specialist II,29
General Manager,29
Actuary,28
Electrical Engineer,27
Mechanical Systems Engineer,27
Automation Specialist I,27
Financial Advisor,27
Librarian,25
Payment Adjustment Coordinator,22
Recruiting Manager,21
Automation Specialist IV,20
Support Staff III,19
Legal Assistant,19
Research Assistant III,17
Administrative Assistant III,16
Human Resources Assistant I,15
Human Resources Assistant III,15
Senior Sales Associate,14
Web Designer III,13
Automation Specialist III,12
Graphic Designer,12
Statistician II,12
Statistician I,12
Human Resources Assistant IV,10
Human Resources Assistant II,10
Engineer I,9
Director of Sales,9
Marketing Assistant,8
Web Designer IV,8
Research Assistant IV,7
Administrative Assistant IV,7
Engineer II,6
VP Sales,6
Office Assistant I,6
Business Development Manager,5
Sales Representative,5
Engineer III,5
Sales Associate,5
Statistician III,4
Web Designer II,3
Engineer IV,3
Account Coordinator,2
Assistant Professor,1
Marketing Manager,1
Statistician IV,1
Office Assistant IV,1
Executive Secretary,1
Associate Professor,1
VP of Training and Development,1
